lens_mass-theta_Ein,lens_mass-gamma_pl,lens_mass-phi,lens_mass-q,lens_mass-c_x,lens_mass-c_y,lens_mass-gamma_ext,lens_mass-phi_ext,subhalo_mass-log10(m200),subhalo_mass-c200,subhalo_mass-tau,subhalo_mass-c_x,subhalo_mass-c_y,source_light-sigma,source_light-phi,source_light-q,source_light-c_x,source_light-c_y,source_light-I_0,lens_light-r_eff,lens_light-n_sersic,lens_light-phi,lens_light-q,lens_light-c_x,lens_light-c_y,lens_light-I_eff,z_d,z_sub,z_s,H0,Om0,Ode0,Ok0,pix_scl,x_pixel0,y_pixel0
1.061498761177063,2.1384027004241943,-0.2644355942897832,0.799209679596111,-0.0333915613591671,0.03602728992700577,0.034709054976701736,1.642785668373108,10.239660706723573,102.10679626464844,1.4794641733169556,-0.6795488340634731,0.8779375541561768,0.08881158381700516,0.8493647102473395,0.8032560681503313,-0.17002834379673004,0.12698616087436676,40.877664209331634,1.087154746055603,6.895211696624756,-0.26791314872739386,0.7130561139577847,-0.039593156427145004,0.036031417548656464,-0.20609931268852827,0.2,0.2,0.6,70.0,0.3,0.7,0.0,0.031,-2.48,-2.48
